<?xml version="1.0" encoding="UTF-8"?>
<beans xmlns="http://www.springframework.org/schema/beans"
	xmlns:xsi="http://www.w3.org/2001/XMLSchema-instance"
	xsi:schemaLocation="http://www.springframework.org/schema/beans http://www.springframework.org/schema/beans/spring-beans.xsd">


	<bean id="model" class="com.model.Employee"/>
	
	<bean id="dao" class="com.dao.DAO">
		<property name="sessionFactory" ref="hibpro"/>
	</bean>
	
	<bean id="bo" class="com.bo.Bo">
		<property name="dao" ref="dao"/>
	</bean>
	
	<bean id="dsrc" class="org.springframework.jdbc.datasource.DriverManagerDataSource">
		<property name="driverClassName" value="com.mysql.jdbc.Driver"/>
		<property name="url" value="jdbc:mysql://localhost:3306/employee_management"/>
		<property name="password" value=""/>
		<property name="username" value="root"/>
	</bean>
	
	<bean id="hibpro" class="org.springframework.orm.hibernate3.annotation.AnnotationSessionFactoryBean">
		<property name="annotatedClasses">
			<list>
			<value> com.model.Employee</value>
			</list>
		</property>
		<property name="dataSource" ref="dsrc"/>
		<property name="hibernateProperties">
	<props>
		<prop key="hibernate.show_sql">true</prop>
		<prop key="hibernate.format_sql">true</prop>
		<prop key="hibernate.hbm2ddl.auto">update</prop>
		<prop key="hibernate.dialect">org.hibernate.dialect.MySQLDialect</prop>
	</props>
</property>
</bean>

</beans>
