<?xml version="1.0"?>
<!DOCTYPE hibernate-mapping PUBLIC "-//Hibernate/Hibernate Mapping DTD 3.0//EN"
"http://hibernate.sourceforge.net/hibernate-mapping-3.0.dtd">
<!-- Generated Dec 9, 2024 6:37:45 PM by Hibernate Tools 3.5.0.Final -->
<hibernate-mapping>
    <class name="com.model.Employee" table="EMPLOYEE">
        <id name="id" type="int">
            <column name="ID" />
            <generator class="increment" />
        </id>
        <property name="name" type="java.lang.String">
            <column name="NAME" />
        </property>
        <property name="department" type="java.lang.String">
            <column name="DEPARTMENT" />
        </property>
        <property name="salary" type="int">
            <column name="SALARY" />
        </property>
    </class>
</hibernate-mapping>
